text,sentiment
"I absolutely love this product","positive"
"This product is amazing","positive"
"I am extremely happy with my purchase","positive"
"The service was excellent","positive"
"I really enjoyed the experience","positive"
"This is a fantastic application","positive"
"The quality is outstanding","positive"
"I am very satisfied with the result","positive"
"Everything worked perfectly","positive"
"I would definitely recommend this product","positive"
"The movie was wonderful","positive"
"I had a great experience today","positive"
"The customer service was excellent","positive"
"This phone works amazingly well","positive"
"I am impressed with the performance","positive"
"The delivery was fast and reliable","positive"
"This is one of the best products I have used","positive"
"I really like this application","positive"
"The design looks beautiful","positive"
"The food was delicious","positive"
"I am pleased with the service","positive"
"This experience made me very happy","positive"
"The product exceeded my expectations","positive"
"I would happily buy this again","positive"
"The staff were friendly and helpful","positive"
"This software is easy and enjoyable to use","positive"
"The results were better than expected","positive"
"I love the new features","positive"
"The support team solved my problem quickly","positive"
"This was a successful purchase","positive"
"I am delighted with the quality","positive"
"The performance is excellent","positive"
"This application is very useful","positive"
"I had a wonderful time","positive"
"The instructions were clear and helpful","positive"
"I am completely satisfied","positive"
"The update improved the application","positive"
"This service deserves five stars","positive"
"I appreciate the quick response","positive"
"The product feels premium and reliable","positive"
"I enjoyed every part of the experience","positive"
"This was a great decision","positive"
"The results are impressive","positive"
"I am happy with the final outcome","positive"
"The website is beautiful and easy to use","positive"
"The experience was smooth and pleasant","positive"
"I would recommend this service to everyone","positive"
"The product arrived in perfect condition","positive"
"This is excellent value for money","positive"
"I am very pleased with my purchase","positive"
"I hate this product","negative"
"This product is terrible","negative"
"I am extremely disappointed with my purchase","negative"
"The service was awful","negative"
"I had a horrible experience","negative"
"This application is very frustrating","negative"
"The quality is extremely poor","negative"
"I am not satisfied with the result","negative"
"Everything stopped working","negative"
"I would never recommend this product","negative"
"The movie was boring and terrible","negative"
"I had a very bad experience today","negative"
"The customer service was disappointing","negative"
"This phone works terribly","negative"
"I am disappointed with the performance","negative"
"The delivery was late and unreliable","negative"
"This is one of the worst products I have used","negative"
"I really dislike this application","negative"
"The design looks terrible","negative"
"The food was disgusting","negative"
"I am unhappy with the service","negative"
"This experience made me very frustrated","negative"
"The product failed to meet my expectations","negative"
"I regret buying this product","negative"
"The staff were rude and unhelpful","negative"
"This software is difficult to use","negative"
"The results were much worse than expected","negative"
"I hate the new features","negative"
"The support team did not solve my problem","negative"
"This was a terrible purchase","negative"
"I am unhappy with the quality","negative"
"The performance is extremely poor","negative"
"This application is useless","negative"
"I had a horrible time","negative"
"The instructions were confusing and unhelpful","negative"
"I am completely dissatisfied","negative"
"The update made the application worse","negative"
"This service deserves a very low rating","negative"
"I am unhappy with the response","negative"
"The product feels cheap and unreliable","negative"
"I disliked every part of the experience","negative"
"This was a terrible decision","negative"
"The results are disappointing","negative"
"I am unhappy with the final outcome","negative"
"The website is confusing and difficult to use","negative"
"The experience was stressful and unpleasant","negative"
"I would not recommend this service","negative"
"The product arrived damaged","negative"
"This is poor value for money","negative"
"I am very disappointed with my purchase","negative"
"The product arrived today","neutral"
"I received the package this morning","neutral"
"The meeting is scheduled for tomorrow","neutral"
"I bought a new phone yesterday","neutral"
"The application was updated today","neutral"
"The store opens at nine o'clock","neutral"
"The report contains ten pages","neutral"
"I watched the movie last night","neutral"
"The delivery took three days","neutral"
"The computer is on the desk","neutral"
"The meeting starts at ten","neutral"
"The package contains two items","neutral"
"The company released a new version","neutral"
"I visited the store yesterday","neutral"
"The phone has a six inch screen","neutral"
"The class begins at eight","neutral"
"The order was placed on Monday","neutral"
"The document has five sections","neutral"
"The train arrives at noon","neutral"
"The laptop has sixteen gigabytes of memory","neutral"
"The restaurant is located downtown","neutral"
"The application requires an internet connection","neutral"
"The report was submitted yesterday","neutral"
"The package weighs two kilograms","neutral"
"The office closes at five","neutral"
"The event is scheduled for Friday","neutral"
"The product costs fifty dollars","neutral"
"The meeting lasted one hour","neutral"
"The website received an update","neutral"
"The store has three branches","neutral"
"I created an account yesterday","neutral"
"The course contains ten lessons","neutral"
"The device was released in June","neutral"
"The system stores user information","neutral"
"The bus leaves at seven","neutral"
"The file contains several records","neutral"
"The order number is listed on the receipt","neutral"
"The application was installed this morning","neutral"
"The report was generated automatically","neutral"
"The product is available in three sizes","neutral"
"The conference will take place next week","neutral"
"The computer has eight cores","neutral"
"The customer submitted a request","neutral"
"The package was delivered yesterday","neutral"
"The website contains information about the company","neutral"
"The store is open until eight","neutral"
"The system was restarted this morning","neutral"
"The user created a new profile","neutral"
"The meeting room is on the second floor","neutral"
"The application uses a database","neutral"